CódigoDeMINAE;Cod_RECOPE;Provincia;NOM_CANT;Distrito;Latitud;Longitud;Zona;Plantel;CEC;Total_2017;Tanques;Islas;Mangueras;EstadodelaestaciónMinae;LAT_NEW;LONG_NEW
ES 1-01-02-01;300538;San José;San José;Merced;9.5660900000;-84.0499100000;0;1;1;4034565.0000000000;3;3;20;Activa;9.5660900000;-84.0499100000
ES 1-01-02-03;300371;San José;San José;Merced;9.5638800000;-84.0491700000;0;1;1;2823385.0000000000;3;2;12;Activa;9.5638800000;-84.0491700000
ES 1-01-03-01;300583;San José;San José;Hospital;9.5608700000;-84.0540300000;0;2;0;3940462.0000000000;3;2;12;Activa;9.5608700000;-84.0540300000
ES 1-01-03-02;300381;San José;San José;Hospital;9.5563400000;-84.0531500000;0;1;1;3761530.0000000000;3;4;18;Activa;9.5563400000;-84.0531500000
ES 1-01-03-03;300436;San José;San José;Hospital;9.5604300000;-84.0508600000;0;1;1;4516385.0000000000;3;2;16;Activa;9.5604300000;-84.0508600000
ES 1-01-03-04;300390;San José;San José;Hospital;9.5580600000;-84.0498800000;0;1;1;432955.0000000000;3;2;18;Activa;9.5580600000;-84.0498800000
ES 1-01-03-05;300660;San José;San José;Hospital;9.5511800000;-84.0505200000;0;1;0;1943113.0000000000;3;6;30;Activa;9.5511800000;-84.0505200000
ES 1-01-03-06;300359;San José;San José;Hospital;9.5592400000;-84.0570600000;0;2;0;6415286.0000000000;3;4;24;Activa;9.5592400000;-84.0570600000
ES 1-01-04-04;300306;San José;San José;Catedral;9.5561900000;-84.0451300000;0;1;0;;3;2;12;Activa;9.5561900000;-84.0451300000
ES 1-01-04-06;300961;San José;San José;Catedral;9.5635300000;-84.0260400000;0;1;1;3620473.0000000000;3;3;36;Activa;9.5635300000;-84.0260400000
ES 1-01-04-07;300317;San José;San José;Catedral;9.5507700000;-84.0427000000;0;1;0;4173375.0000000000;3;3;18;Activa;9.5507700000;-84.0427000000
ES 1-01-04-08;301001;San José;San José;Catedral;9.5573700000;-84.0418100000;0;1;0;7244641.0000000000;3;4;30;Activa;9.5573700000;-84.0418100000
ES 1-01-04-09;300723;San José;San José;Catedral;9.5532600000;-84.0450900000;0;1;0;6058571.0000000000;3;6;30;Activa;9.5532600000;-84.0450900000
ES 1-01-05-02;300564;San José;San José;Zapote;9.5512500000;-84.0379200000;0;1;0;9165691.0000000000;3;4;42;Activa;9.5512500000;-84.0379200000
ES 1-01-06-01;300623;San José;San José;San Francisco de Dos Ríos;9.5470500000;-84.0369600000;0;1;0;6960000.0000000000;3;3;18;Activa;9.5470500000;-84.0369600000
ES 1-01-06-02;300589;San José;San José;San Francisco de Dos Ríos;9.5530500000;-84.0434600000;0;1;0;1609927.0000000000;3;2;8;Activa;9.5530500000;-84.0434600000
ES 1-01-06-03;301152;San José;San José;San Francisco;9.5474100000;-84.0381200000;0;1;0;4035283.0000000000;3;2;24;Activa;9.5474100000;-84.0381200000
ES 1-01-06-04;300951;San José;San José;San Francisco de Dos Ríos;9.5401300000;-84.0588800000;0;1;0;3996153.0000000000;3;5;30;Activa;9.5401300000;-84.0588800000
ES 1-01-06-05;300480;San José;San José;San Francisco de Dos Ríos;9.5465800000;-84.0411200000;0;1;0;3551653.0000000000;3;3;24;Activa;9.5465800000;-84.0411200000
ES 1-01-07-01;300594;San José;San José;Uruca;9.5706200000;-84.0671900000;0;2;0;11294475.0000000000;6;5;26;Activa;9.5706200000;-84.0671900000
ES 1-01-07-02;300593;San José;San José;Uruca;9.5686600000;-84.0545900000;0;1;0;3689259.0000000000;3;2;12;Activa;9.5686600000;-84.0545900000
ES 1-01-07-03;301003;San José;San José;Uruca;9.5707500000;-84.0623200000;0;2;0;5649554.0000000000;3;3;18;Activa;9.5707500000;-84.0623200000
ES 1-01-07-04;301002;San José;San José;Uruca;9.5708100000;-84.0635600000;0;2;0;7775661.0000000000;3;6;32;Activa;9.5708100000;-84.0635600000
ES 1-01-08-01;301121;San José;San José;Mata Redonda;9.5602200000;-84.0670700000;0;1;1;5561175.0000000000;3;2;12;Activa;9.5602200000;-84.0670700000
ES 1-01-09-01;300376;San José;San José;Pavas;9.5647700000;-84.0739800000;0;2;1;14051604.0000000000;8;5;56;Activa;9.5647700000;-84.0739800000
ES 1-01-09-02;300309;San José;San José;Pavas;9.5630100000;-84.0690600000;0;2;0;9253893.0000000000;3;3;18;Activa;9.5630100000;-84.0690600000
ES 1-01-10-01;300517;San José;San José;Hatillo;9.5523700000;-84.0564000000;0;1;0;4219700.0000000000;3;3;14;Activa;9.5523700000;-84.0564000000
ES 1-01-10-02;301011;San José;San José;Hatillo;9.5472000000;-84.0589400000;0;2;0;7849779.0000000000;3;6;36;Activa;9.5472000000;-84.0589400000
ES 1-01-11-01;301004;San José;San José;San Sebastian;9.5446600000;-84.0515800000;0;1;0;7994803.0000000000;3;6;36;Activa;9.5446600000;-84.0515800000
ES 1-01-11-02;300705;San José;San José;San Sebastian;9.5480900000;-84.5076000000;0;1;0;;3;4;24;Activa;9.5480900000;-84.5076000000
ES 1-01-11-03;300935;San José;San José;San Sebastián;9.5451000000;-84.0414000000;0;1;1;;3;10;56;Activa;9.5451000000;-84.0414000000
ES 1-02-03-01;300314;San José;Escazú;San Rafael;9.5579400000;-84.0798400000;0;2;0;6757772.0000000000;3;3;18;Activa;9.5579400000;-84.0798400000
ES 1-02-03-03;300481;San José;Escazú;San Rafael;9.5592800000;-84.0763000000;0;2;0;8360565.0000000000;3;3;18;Activa;9.5592800000;-84.0763000000
ES 1-02-03-04;300675;San José;Escazú;San Rafael;9.5599500000;-84.0904400000;0;2;1;5915069.0000000000;3;5;24;Activa;9.5599500000;-84.0904400000
ES 1-02-03-06;300490;San José;Escazú;San Rafael;9.5637500000;-84.0842800000;0;2;0;11696274.0000000000;3;6;36;Activa;9.5637500000;-84.0842800000
ES 1-03-01-01;300417;San José;Desamparados;Desamparados;9.5395700000;-84.0403300000;0;1;0;;6;5;42;Activa;9.5395700000;-84.0403300000
ES 1-03-01-02;300402;San José;Desamparados;Desamparados;9.5315100000;-84.0398200000;0;1;0;;3;2;24;Activa;9.5315100000;-84.0398200000
ES 1-03-02-01;301006;San José;Desamparados;San Miguel;9.5245900000;-84.0382900000;0;1;0;8096564.0000000000;3;5;30;Activa;9.5245900000;-84.0382900000
ES 1-03-06-01;300717;San José;Desamparados;Frailes;9.4521700000;-84.0324500000;0;1;1;2962817.0000000000;3;4;24;Activa;9.4521700000;-84.0324500000
ES 1-03-11-02;300572;San José;Desamparados;San Rafael Abajo;9.5349800000;-84.0486500000;0;2;1;10543755.0000000000;3;5;30;Activa;9.5349800000;-84.0486500000
ES 1-04-01-01;301235;San José;Puriscal;Santiago;9.5087000000;-84.1862600000;1;2;0;4995907.0000000000;3;3;18;Activa;9.5087000000;-84.1862600000
ES 1-04-01-02;300526;San José;Puriscal;Santiago;9.5079500000;-84.1875300000;1;2;1;9294320.0000000000;3;3;32;Activa;9.5079500000;-84.1875300000
ES 1-05-01-01;300321;San José;Tarrazú;San Marcos;9.3931700000;-84.0125000000;1;1;0;;3;3;36;Activa;9.3931700000;-84.0125000000
ES 1-05-01-02;301030;San José;Tarrazú;San Marcos;9.3964200000;-84.0122900000;1;1;1;2431269.0000000000;4;1;12;Activa;9.3964200000;-84.0122900000
ES 1-06-01-01;300606;San José;Aserrí;Aserrí;9.5224400000;-84.0486900000;0;1;0;7305219.0000000000;3;6;36;Activa;9.5224400000;-84.0486900000
ES 1-06-01-02;300587;San José;Aserrí;Aserrí;9.5194400000;-84.0538100000;0;1;1;6381179.0000000000;4;6;36;Activa;9.5194400000;-84.0538100000
ES 1-06-03-01;300629;San José;Aserrí;Vuelta de Jorco;9.4782300000;-84.0789800000;0;1;1;4721833.0000000000;3;4;16;Activa;9.4782300000;-84.0789800000
ES 1-07-01-01;301072;San José;Mora;Colón;9.5498800000;-84.1444000000;0;2;0;7039487.0000000000;3;4;24;Activa;9.5498800000;-84.1444000000
ES 1-07-01-02;300619;San José;Mora;Colón;9.5512600000;-84.1448100000;0;2;1;7211837.0000000000;3;3;36;Activa;9.5512600000;-84.1448100000
ES 1-08-01-01;300384;San José;Goicoechea;Guadalupe;9.5653300000;-84.0875000000;0;1;0;;3;4;30;Activa;9.5653300000;-84.0875000000
ES 1-08-01-02;300601;San José;Goicoechea;Guadalupe;9.5659700000;-84.0358400000;0;1;0;;3;3;18;Activa;9.5659700000;-84.0358400000
ES 1-08-01-03;301010;San José;Goicoechea;Guadalupe;9.5662900000;-84.0355500000;0;1;0;5737960.0000000000;3;3;18;Activa;9.5662900000;-84.0355500000
ES 1-08-01-04;300548;San José;Goicoechea;Guadalupe;9.5700800000;-84.0290300000;0;1;0;4843875.0000000000;3;3;18;Activa;9.5700800000;-84.0290300000
ES 1-08-03-01;300591;San José;Goicoechea;Calle Blancos;9.5672400000;-84.0430700000;0;1;1;3344491.0000000000;3;4;24;Activa;9.5672400000;-84.0430700000
ES 1-08-03-03;300534;San José;Goicoechea;Calle Blancos;9.5691100000;-84.0434700000;0;1;0;6941192.0000000000;3;5;26;Activa;9.5691100000;-84.0434700000
ES 1-08-04-01;300669;San José;Goicoechea;Mata de Plátano;9.5699200000;-84.0189900000;0;1;1;6393617.0000000000;3;6;30;Activa;9.5699200000;-84.0189900000
ES 1-08-07-01;300427;San José;Goicoechea;Purral;9.5754300000;-84.0233500000;0;1;0;8106417.0000000000;3;3;18;Activa;9.5754300000;-84.0233500000
ES 1-09-01-01;300435;San José;Santa Ana;Santa Ana;9.5586000000;-84.1080000000;0;2;1;6256359.0000000000;3;2;36;Activa;9.5586000000;-84.1080000000
ES 1-09-01-02;300699;San José;Santa Ana;Santa Ana;9.5582600000;-84.1060600000;0;2;0;5210062.0000000000;3;2;24;Activa;9.5582600000;-84.1060600000
ES 1-09-01-03;300504;San José;Santa Ana;Santa Ana;9.5605800000;-84.1129000000;0;2;1;10782137.0000000000;3;3;36;Activa;9.5605800000;-84.1129000000
ES 1-09-03-01;300661;San José;Santa Ana;Pozos;9.5693500000;-84.1156200000;0;2;1;6403320.0000000000;3;4;24;Activa;9.5693500000;-84.1156200000
ES 1-09-03-02;300579;San José;Santa Ana;Pozos;9.5766400000;-84.1185800000;0;2;0;4736043.0000000000;3;3;18;Activa;9.5766400000;-84.1185800000
ES 1-09-03-03;300642;San José;Santa Ana;Pozos;9.5716900000;-84.1161500000;0;2;0;11094164.0000000000;3;4;18;Activa;9.5716900000;-84.1161500000
ES 1-10-05-01;300681;San José;Alajuelita;San Felipe;9.5486200000;-84.0682600000;0;1;0;7980357.0000000000;3;4;18;Activa;9.5486200000;-84.0682600000
ES 1-11-01-01;300360;San José;Vásquez de Coronado;San Isidro;9.5877100000;-84.0042500000;0;1;1;8385132.0000000000;3;3;36;Activa;9.5877100000;-84.0042500000
ES 1-11-01-02;300341;San José;Vásquez de Coronado;San Isidro;9.5858000000;-84.0077000000;0;1;1;8983580.0000000000;3;2;24;Activa;9.5858000000;-84.0077000000
ES 1-12-01-01;300592;San José;Acosta;San Ignacio;9.4766600000;-84.0980300000;1;1;1;4622572.0000000000;3;1;12;Activa;9.4766600000;-84.0980300000
ES 1-13-01-01;300646;San José;Tibás;San Juan;9.5771500000;-84.0444100000;0;1;1;5002642.0000000000;3;1;12;Activa;9.5771500000;-84.0444100000
ES 1-13-01-02;300706;San José;Tibás;San Juan;9.5752500000;-84.0471400000;0;1;1;2715830.0000000000;3;3;18;Activa;9.5752500000;-84.0471400000
ES 1-13-01-03;301005;San José;Tibás;San Juan;9.5746300000;-84.0471200000;0;1;0;5078161.0000000000;3;2;12;Activa;9.5746300000;-84.0471200000
ES 1-13-01-05;300333;San José;Tibás;San Juan;9.5720400000;-84.0470400000;0;1;0;;3;4;18;Activa;9.5720400000;-84.0470400000
ES 1-13-02-01;300653;San José;Tibás;Cinco Esquinas;9.5657700000;-84.0472300000;0;1;1;4077564.0000000000;3;9;48;Activa;9.5657700000;-84.0472300000
ES 1-13-02-02;300680;San José;Tibás;Cinco Esquinas;9.5727900000;-84.0528100000;0;1;0;;3;2;24;Activa;9.5727900000;-84.0528100000
ES 1-14-01-02;300470;San José;Moravia;San Vicente;9.5766900000;-84.0280500000;0;1;0;8241584.0000000000;3;5;30;Activa;9.5766900000;-84.0280500000
ES 1-14-01-03;300438;San José;Moravia;San Vicente;9.5776000000;-84.0364800000;0;1;0;6462221.0000000000;3;5;18;Activa;9.5776000000;-84.0364800000
ES 1-15-01-01;300455;San José;Montes de Oca;San Pedro;9.5586600000;-84.0281400000;0;1;1;6749857.0000000000;3;3;30;Activa;9.5586600000;-84.0281400000
ES 1-15-01-02;300650;San José;Montes de Oca;San Pedro;9.5594300000;-84.0368800000;0;2;1;6812467.0000000000;3;5;36;Activa;9.5594300000;-84.0368800000
ES 1-15-01-03;300581;San José;Montes de Oca;San Pedro;9.5591900000;-84.0311500000;0;1;1;3183011.0000000000;3;3;36;Activa;9.5591900000;-84.0311500000
ES 1-15-03-01;300584;San José;Montes de Oca;Mercedes;9.5660400000;-84.0247600000;0;1;1;5926169.0000000000;3;2;24;Activa;9.5660400000;-84.0247600000
ES 1-15-04-01;300698;San José;Montes de Oca;San Rafael;9.5642800000;-84.0064100000;0;1;0;8631309.0000000000;3;4;24;Activa;9.5642800000;-84.0064100000
ES 1-17-01-01;300599;San José;Dota;Santa María;9.3921700000;-83.5814400000;1;1;1;2224558.0000000000;3;1;6;Activa;9.3921700000;-83.5814400000
ES 1-18-01-01;300692;San José;Curridabat;Tirrases;9.5418700000;-84.0272700000;0;1;0;8519369.0000000000;3;4;24;Activa;9.5418700000;-84.0272700000
ES 1-18-01-02;300403;San José;Curridabat;Curridabat;9.5484900000;-84.0177100000;0;1;1;9421397.0000000000;4;6;36;Activa;9.5484900000;-84.0177100000
ES 1-18-01-04;300609;San José;Curridabat;Curridabat;9.5496500000;-84.0243100000;0;1;1;3825387.0000000000;3;3;28;Activa;9.5496500000;-84.0243100000
ES 1-18-01-05;300554;San José;Curridabat;Curridabat;9.5454100000;-84.0303300000;0;1;1;12568259.0000000000;4;11;62;Activa;9.5454100000;-84.0303300000
ES 1-18-01-06;301500;San José;Curridabat;Curridabat;9.5525100000;-84.0215100000;0;1;1;2309816.0000000000;;;;Activa;9.5525100000;-84.0215100000
ES 1-18-04-01;300450;San José;Desamparados;TIRRASES;9.5421300000;-84.0275800000;0;1;1;2194367.0000000000;3;3;24;Activa;9.5421300000;-84.0275800000
ES 1-19-01-02;300532;San José;Pérez Zeledón;San Isidro de El General;9.2311400000;-83.4242100000;1;1;1;;3;5;30;Activa;9.2311400000;-83.4242100000
ES 1-19-01-03;300503;San José;Pérez Zeledón;San Isidro de El General;9.2253800000;-83.4213500000;1;1;1;10003480.0000000000;3;3;18;Activa;9.2253800000;-83.4213500000
ES 1-19-01-04;300434;San José;Pérez Zeledón;San Isidro de El General;9.2258800000;-83.4213900000;1;1;1;11835413.0000000000;7;6;42;Activa;9.2258800000;-83.4213900000
ES 1-19-01-05;300549;San José;Pérez Zeledón;San Isidro de El General;9.2271100000;-83.4225100000;1;1;1;3306100.0000000000;3;4;26;Activa;9.2271100000;-83.4225100000
ES 1-19-03-01;301041;San José;Pérez Zeledón;Daniel Flores;9.1980500000;-83.4014200000;1;1;1;5101284.0000000000;3;4;24;Activa;9.1980500000;-83.4014200000
ES 1-19-03-02;301132;San José;Pérez Zeledón;Daniel Flores;9.2043500000;-83.4034600000;1;1;1;10049003.0000000000;3;4;36;Activa;9.2043500000;-83.4034600000
ES 1-19-03-03;300966;San José;Pérez Zeledón;Daniel Flores;9.1840400000;-83.3956100000;1;1;1;10166124.0000000000;3;6;36;Activa;9.1840400000;-83.3956100000
ES 1-19-07-01;300331;San José;Pérez Zeledón;Pejibaye;9.0948600000;-83.3438300000;1;1;0;2371679.0000000000;3;4;24;Activa;9.0948600000;-83.3438300000
ES 1-20-01-01;300528;San José;León Cortés;San Pablo;9.4092900000;-84.0233400000;1;1;1;1294253.0000000000;3;2;8;Activa;9.4092900000;-84.0233400000
ES 2-01-01-01;300443;Alajuela;Alajuela;Alajuela;10.0067700000;-84.1284600000;0;2;0;6982208.0000000000;3;4;24;Activa;10.0067700000;-84.1284600000
ES 2-01-01-02;300352;Alajuela;Alajuela;Alajuela;10.0092400000;-84.1330300000;0;2;1;8349880.0000000000;3;9;52;Activa;10.0092400000;-84.1330300000
ES 2-01-01-03;300429;Alajuela;Alajuela;Alajuela;10.0080000000;-84.1261200000;0;2;0;3380019.0000000000;3;2;20;Activa;10.0080000000;-84.1261200000
ES 2-01-01-04;301142;Alajuela;Alajuela;Alajuela;10.0088000000;-84.1311900000;0;2;1;8615659.0000000000;3;4;36;Activa;10.0088000000;-84.1311900000
ES 2-01-01-05;300658;Alajuela;Alajuela;Alajuela;10.0075500000;-84.1258100000;0;2;0;10648525.0000000000;3;3;36;Activa;10.0075500000;-84.1258100000
ES 2-01-01-06;300483;Alajuela;Alajuela;Alajuela;10.0052700000;-84.1251400000;0;2;0;4619068.0000000000;3;3;18;Activa;10.0052700000;-84.1251400000
ES 2-01-02-01;300970;Alajuela;Alajuela;San José;10.0099900000;-84.1463800000;0;2;1;6138241.0000000000;3;3;18;Activa;10.0099900000;-84.1463800000
ES 2-01-04-01;300507;Alajuela;Alajuela;San Antonio;9.5996200000;-84.1321400000;0;2;1;10865581.0000000000;3;5;32;Activa;9.5996200000;-84.1321400000
ES 2-01-06-01;300667;Alajuela;Alajuela;San Isidro;10.0206400000;-84.1270900000;0;2;1;9230742.0000000000;3;6;30;Activa;10.0206400000;-84.1270900000
ES 2-01-07-01;300340;Alajuela;Alajuela;Sabanilla;10.0440600000;-84.1294100000;0;2;1;1652224.0000000000;3;1;12;Activa;10.0440600000;-84.1294100000
ES 2-01-08-01;300520;Alajuela;Alajuela;San Rafael;9.5821200000;-84.1332400000;0;2;1;8726251.0000000000;3;6;36;Activa;9.5821200000;-84.1332400000
ES 2-01-08-02;300489;Alajuela;Alajuela;San Rafael;9.5869200000;-84.1209500000;0;2;1;4447235.0000000000;3;3;12;Activa;9.5869200000;-84.1209500000
ES 2-01-09-02;300536;Alajuela;Alajuela;Río Segundo;10.0044900000;-84.1056600000;0;2;0;9202615.0000000000;3;6;36;Activa;10.0044900000;-84.1056600000
ES 2-01-10-01;300324;Alajuela;Alajuela;Desamparados;10.0115700000;-84.1181800000;0;2;1;8255374.0000000000;3;9;48;Activa;10.0115700000;-84.1181800000
ES 2-01-14-02;300674;Alajuela;Grecia;Sarapiquí;10.1879700000;-84.1097100000;1;2;0;4857634.0000000000;3;2;12;Activa;10.1879700000;-84.1097100000
ES 2-02-01-01;300433;Alajuela;San Ramón;San Ramón;10.0495000000;-84.2819200000;1;2;1;8995984.0000000000;3;5;36;Activa;10.0495000000;-84.2819200000
ES 2-02-02-01;300649;Alajuela;San Ramón;Santiago;10.0425400000;-84.2927000000;1;2;0;8390230.0000000000;3;6;36;Activa;10.0425400000;-84.2927000000
ES 2-02-03-01;300684;Alajuela;San Ramón;San Juan;10.0616100000;-84.2798700000;1;2;0;8293932.0000000000;3;3;36;Activa;10.0616100000;-84.2798700000
ES 2-02-03-02;300722;Alajuela;San Ramón;San Juan;10.0590900000;-84.2812300000;1;2;0;8121519.0000000000;4;7;38;Activa;10.0590900000;-84.2812300000
ES 2-02-06-01;300418;Alajuela;San Ramón;San Rafael;10.0491200000;-84.2816900000;1;2;1;3776884.0000000000;3;3;18;Activa;10.0491200000;-84.2816900000
ES 2-02-13-01;301172;Alajuela;San Ramón;Peñas Blancas;10.2419900000;-84.3568200000;1;2;1;2370851.0000000000;3;4;16;Activa;10.2419900000;-84.3568200000
ES 2-03-01-01;300426;Alajuela;Grecia;Grecia;10.0418800000;-84.1944400000;1;2;0;4277318.0000000000;3;3;18;Activa;10.0418800000;-84.1944400000
ES 2-03-01-02;300411;Alajuela;Grecia;Grecia;10.0435600000;-84.1851600000;1;2;1;9968514.0000000000;3;10;60;Activa;10.0435600000;-84.1851600000
ES 2-03-01-03;300370;Alajuela;Grecia;Grecia;10.0456100000;-84.1873200000;1;2;1;5625952.0000000000;3;2;18;Activa;10.0456100000;-84.1873200000
ES 2-03-02-02;300334;Alajuela;Grecia;San Isidro;10.0565200000;-84.1771800000;1;2;1;9829414.0000000000;4;12;60;Activa;10.0565200000;-84.1771800000
ES 2-03-05-01;300383;Alajuela;Grecia;Tacares;10.0173700000;-84.1743000000;1;2;1;4439786.0000000000;3;2;24;Activa;10.0173700000;-84.1743000000
ES 2-03-06-01;300896;Alajuela;Grecia;Río Cuarto;10.2051600000;-84.1289900000;1;2;0;;3;2;12;Activa;10.2051600000;-84.1289900000
ES 2-03-07-01;301133;Alajuela;Grecia;Puente de Piedra;10.0910000000;-84.2068000000;1;2;0;9640177.0000000000;3;3;18;Activa;10.0910000000;-84.2068000000
ES 2-05-01-02;300326;Alajuela;Atenas;Atenas;9.5890400000;-84.2271800000;0;2;1;9079514.0000000000;3;6;36;Activa;9.5890400000;-84.2271800000
ES 2-06-01-01;300399;Alajuela;Naranjo;Naranjo;10.0573600000;-84.2261600000;1;2;1;4488598.0000000000;3;3;14;Activa;10.0573600000;-84.2261600000
ES 2-06-01-02;300378;Alajuela;Naranjo;Naranjo;10.0591400000;-84.2289100000;1;2;1;6363958.0000000000;3;2;12;Activa;10.0591400000;-84.2289100000
ES 2-06-02-01;300637;Alajuela;Naranjo;San Miguel;10.0465700000;-84.2482600000;1;2;1;;3;4;32;Activa;10.0465700000;-84.2482600000
ES 2-06-07-01;300394;Alajuela;Naranjo;Rosario;10.0303200000;-84.2172000000;1;1;1;8160999.0000000000;3;6;66;Activa;10.0303200000;-84.2172000000
ES 2-07-01-01;301277;Alajuela;Palmares;Palmares;10.0360700000;-84.2597400000;1;2;1;5807273.0000000000;3;2;12;Activa;10.0360700000;-84.2597400000
ES 2-07-01-02;300304;Alajuela;Palmares;Palmares;10.0339400000;-84.2605600000;1;2;1;5232886.0000000000;3;4;24;Activa;10.0339400000;-84.2605600000
ES 2-08-01-01;300651;Alajuela;Poás;San Pedro;10.0445100000;-84.1467600000;0;2;1;4670647.0000000000;3;2;16;Activa;10.0445100000;-84.1467600000
ES 2-08-01-02;300570;Alajuela;Poás;San Pedro;10.0445700000;-84.1465100000;0;2;1;5794469.0000000000;3;3;30;Activa;10.0445700000;-84.1465100000
ES 2-09-01-01;300638;Alajuela;Orotina;Orotina;9.5481900000;-84.3152600000;1;4;1;5009422.0000000000;3;2;24;Activa;9.5481900000;-84.3152600000
ES 2-09-04-01;300697;Alajuela;Orotina;Coyolar;9.5329600000;-84.3407600000;1;4;0;4366179.0000000000;3;3;18;Activa;9.5329600000;-84.3407600000
ES 2-09-05-01;300672;Alajuela;Orotina;La Ceiba;9.5446800000;-84.3995900000;1;4;0;;3;3;32;Activa;9.5446800000;-84.3995900000
ES 2-10-01-01;300518;Alajuela;San Carlos;Quesada;10.2045700000;-84.2595400000;1;2;0;9759613.0000000000;3;5;24;Activa;10.2045700000;-84.2595400000
ES 2-10-01-03;300632;Alajuela;San Carlos;Quesada;10.1899700000;-84.2569400000;1;2;1;4960013.0000000000;3;4;24;Activa;10.1899700000;-84.2569400000
ES 2-10-01-04;300622;Alajuela;San Carlos;Quesada;10.1956600000;-84.2537600000;1;2;0;6937836.0000000000;3;3;14;Activa;10.1956600000;-84.2537600000
ES 2-10-02-01;300415;Alajuela;San Carlos;Florencia;10.2160100000;-84.2836900000;1;2;0;772159.0000000000;3;2;24;Activa;10.2160100000;-84.2836900000
ES 2-10-02-02;300425;Alajuela;San Carlos;Florencia;10.2795500000;-84.2761100000;1;2;1;8031955.0000000000;3;4;48;Activa;10.2795500000;-84.2761100000
ES 2-10-04-01;300404;Alajuela;San Carlos;Aguas Zarcas;10.2659500000;-84.2200000000;1;2;1;8219226.0000000000;3;4;20;Activa;10.2659500000;-84.2200000000
ES 2-10-04-03;300709;Alajuela;San Carlos;Aguas Zarcas;10.2254000000;-84.2086600000;1;2;0;;3;4;24;Activa;10.2254000000;-84.2086600000
ES 2-10-05-01;300586;Alajuela;San Carlos;Venecia;10.2121600000;-84.1631000000;1;2;1;4215683.0000000000;3;4;22;Activa;10.2121600000;-84.1631000000
ES 2-10-06-01;300513;Alajuela;San Carlos;Pital;10.2737600000;-84.1642700000;1;2;0;545514.0000000000;3;2;24;Activa;10.2737600000;-84.1642700000
ES 2-10-06-02;300668;Alajuela;San Carlos;Pital;10.3317800000;-84.1704600000;1;2;0;1701961.0000000000;3;2;8;Activa;10.3317800000;-84.1704600000
ES 2-10-07-01;300305;Alajuela;San Carlos;La Fortuna;10.2820700000;-84.3789300000;1;2;1;5033790.0000000000;3;5;50;Activa;10.2820700000;-84.3789300000
ES 2-10-07-02;300654;Alajuela;San Carlos;La Fortuna;10.2829200000;-84.3862300000;1;2;0;6172073.0000000000;3;6;36;Activa;10.2829200000;-84.3862300000
ES 2-10-08-01;300492;Alajuela;San Carlos;La Tigra;10.2202000000;-84.3507600000;1;2;1;3265970.0000000000;3;4;19;Activa;10.2202000000;-84.3507600000
ES 2-10-09-02;300398;Alajuela;San Carlos;La Palmera;10.2266500000;-84.2250400000;1;2;1;2928653.0000000000;3;2;14;Activa;10.2266500000;-84.2250400000
ES 2-10-11-02;300396;Alajuela;San Carlos;Cutris;10.4316400000;-84.2377900000;1;1;1;1639440.0000000000;3;2;10;Activa;10.4316400000;-84.2377900000
ES 2-10-12-01;300612;Alajuela;San Carlos;Monterrey;10.3331500000;-84.3909100000;1;2;1;3095599.0000000000;3;4;24;Activa;10.3331500000;-84.3909100000
ES 2-10-13-01;300545;Alajuela;San Carlos;Pocosol;10.3724100000;-84.3147600000;1;2;1;7242252.0000000000;3;6;36;Activa;10.3724100000;-84.3147600000
ES 2-11-01-01;300900;Alajuela;Alfaro Ruiz;Zarcero;10.1150600000;-84.2357900000;1;2;0;1508445.0000000000;3;2;24;Activa;10.1150600000;-84.2357900000
ES 2-12-01-01;300533;Alajuela;Valverde Vega;Sarchí Norte;10.0542800000;-84.2091400000;1;2;0;5491875.0000000000;3;4;24;Activa;10.0542800000;-84.2091400000
ES 2-13-01-01;300469;Alajuela;Upala;Upala;10.5335400000;-85.0193900000;1;4;1;6104867.0000000000;3;2;14;Activa;10.5335400000;-85.0193900000
ES 2-13-01-02;300561;Alajuela;Upala;Upala;10.5372500000;-85.0182300000;1;4;1;6158743.0000000000;3;5;20;Activa;10.5372500000;-85.0182300000
ES 2-14-01-01;300555;Alajuela;Los Chiles;Los Chiles;11.0118400000;-84.4220200000;1;2;0;22504944.0000000000;3;2;16;Activa;11.0118400000;-84.4220200000
ES 2-14-03-01;300648;Alajuela;Los Chiles;El Amparo;10.5010700000;-84.3707700000;1;2;1;6568173.0000000000;3;3;36;Activa;10.5010700000;-84.3707700000
ES 2-15-01-01;300348;Alajuela;Guatuso;San Rafael;10.4020200000;-84.4931300000;1;4;0;6639364.0000000000;3;4;24;Activa;10.4020200000;-84.4931300000
ES 2-15-04-01;301102;Alajuela;Guatuso;Katira;10.4395400000;-84.5387300000;1;2;1;9504249.0000000000;3;3;14;Activa;10.4395400000;-84.5387300000
ES 3-01-02-01;300580;Cartago;Cartago;Occidental;9.5199900000;-83.5568400000;0;1;0;;3;4;24;Activa;9.5199900000;-83.5568400000
ES 3-01-02-03;300419;Cartago;Cartago;Occidental;9.5195400000;-83.5544000000;0;1;1;5547936.0000000000;3;3;20;Activa;9.5195400000;-83.5544000000
ES 3-01-02-04;300885;Cartago;Cartago;Occidental;9.5213600000;-83.5582600000;0;1;1;8524870.0000000000;3;6;32;Activa;9.5213600000;-83.5582600000
ES 3-01-03-01;300663;Cartago;Cartago;Carmen;9.5280400000;-83.5509900000;0;1;1;11899411.0000000000;3;8;48;Activa;9.5280400000;-83.5509900000
ES 3-01-04-01;300405;Cartago;Cartago;San Nicolás;9.5411100000;-83.5726500000;0;1;1;5600209.0000000000;3;2;32;Activa;9.5411100000;-83.5726500000
ES 3-01-04-02;300626;Cartago;Cartago;San Nicolás;9.5203100000;-83.5594200000;0;1;0;13740813.0000000000;3;2;26;Activa;9.5203100000;-83.5594200000
ES 3-01-04-03;300621;Cartago;Cartago;San Nicolás;9.5230100000;-83.5668700000;0;1;0;5896729.0000000000;3;5;20;Activa;9.5230100000;-83.5668700000
ES 3-01-05-01;300708;Cartago;Cartago;Occidental;9.5139500000;-83.5543600000;0;1;0;7284215.0000000000;3;4;24;Activa;9.5139500000;-83.5543600000
ES 3-01-06-01;300329;Cartago;Cartago;Guadalupe;9.5155200000;-83.5684700000;0;1;1;8920394.0000000000;3;3;28;Activa;9.5155200000;-83.5684700000
ES 3-01-06-02;300657;Cartago;Cartago;Guadalupe;9.5205500000;-83.5652400000;0;1;1;5978176.0000000000;3;4;24;Activa;9.5205500000;-83.5652400000
ES 3-01-07-01;300428;Cartago;Cartago;Corralillo;9.4670800000;-84.0449300000;0;1;1;3966924.0000000000;3;2;24;Activa;9.4670800000;-84.0449300000
ES 3-02-01-02;300368;Cartago;Paraíso;Paraíso;9.5035300000;-83.5210400000;0;1;1;9356532.0000000000;3;2;8;Activa;9.5035300000;-83.5210400000
ES 3-02-01-03;300442;Cartago;Paraíso;Paraíso;9.5072300000;-83.5339000000;0;1;0;6712087.0000000000;3;3;18;Activa;9.5072300000;-83.5339000000
ES 3-02-03-01;300416;Cartago;Paraíso;Orosí;9.4751200000;-83.5117700000;1;1;1;2572731.0000000000;3;2;24;Activa;9.4751200000;-83.5117700000
ES 3-03-01-02;300511;Cartago;La Unión;Tres Ríos;9.5455500000;-83.5940800000;0;1;0;5550647.0000000000;3;3;18;Activa;9.5455500000;-83.5940800000
ES 3-03-02-01;300496;Cartago;La Unión;San Diego;9.5431600000;-83.5932800000;0;1;1;;3;7;38;Activa;9.5431600000;-83.5932800000
ES 3-03-03-01;300600;Cartago;La Unión;San Juan;9.5448500000;-84.0098600000;0;1;1;5786573.0000000000;3;4;24;Activa;9.5448500000;-84.0098600000
ES 3-05-01-01;301065;Cartago;Turrialba;Turrialba;9.5425400000;-83.4106900000;1;1;1;7192037.0000000000;3;2;24;Activa;9.5425400000;-83.4106900000
ES 3-05-01-02;300400;Cartago;Turrialba;Turrialba;9.5426100000;-83.4114900000;1;1;1;3823738.0000000000;3;1;9;Activa;9.5426100000;-83.4114900000
ES 3-05-01-03;300357;Cartago;Turrialba;Turrialba;9.5416900000;-83.4089900000;1;1;1;5678327.0000000000;4;6;36;Activa;9.5416900000;-83.4089900000
ES 3-06-01-01;300335;Cartago;Alvarado;Pacayas;9.5433300000;-83.4913500000;0;1;1;3701016.0000000000;3;2;24;Activa;9.5433300000;-83.4913500000
ES 3-06-02-01;300634;Cartago;Alvarado;Cervantes;9.5313900000;-83.4849900000;0;1;1;3512161.0000000000;3;1;6;Activa;9.5313900000;-83.4849900000
ES 3-07-01-01;300393;Cartago;Oreamuno;San Rafael;9.5221700000;-83.5427800000;0;1;1;4912352.0000000000;3;1;12;Activa;9.5221700000;-83.5427800000
ES 3-07-01-02;300395;Cartago;Oreamuno;San Rafael;9.5143400000;-83.5429500000;0;1;1;6522955.0000000000;3;2;18;Activa;9.5143400000;-83.5429500000
ES 3-07-02-01;300475;Cartago;Oreamuno;Cot;9.5338800000;-83.5310900000;1;1;1;5684123.0000000000;3;2;24;Activa;9.5338800000;-83.5310900000
ES 3-07-03-01;300694;Cartago;Oreamuno;Potrero Cerrado;9.5473100000;-83.5320700000;1;1;1;1994158.0000000000;3;2;24;Activa;9.5473100000;-83.5320700000
ES 3-08-01-01;300603;Cartago;El Guarco;Tejar;9.5059000000;-83.5704400000;0;1;1;18312561.0000000000;3;4;38;Activa;9.5059000000;-83.5704400000
ES 3-08-02-01;300364;Cartago;El Guarco;San Isidro;9.4308600000;-83.5698600000;0;1;1;2392605.0000000000;3;2;18;Activa;9.4308600000;-83.5698600000
ES 4-01-01-02;300628;Heredia;Heredia;Heredia;9.5983900000;-84.0743300000;0;2;1;13855201.0000000000;3;7;42;Activa;9.5983900000;-84.0743300000
ES 4-01-01-03;300540;Heredia;Heredia;Heredia;9.5983800000;-84.0727300000;0;2;0;5065577.0000000000;3;6;36;Activa;9.5983800000;-84.0727300000
ES 4-01-01-04;300374;Heredia;Heredia;Heredia;9.5971500000;-84.0677200000;0;2;0;6463633.0000000000;3;4;24;Activa;9.5971500000;-84.0677200000
ES 4-01-01-05;300391;Heredia;Heredia;Heredia;9.5974900000;-84.0687200000;0;2;0;;3;2;12;Activa;9.5974900000;-84.0687200000
ES 4-01-03-01;300325;Heredia;Heredia;San Francisco;9.5933900000;-84.0666700000;0;2;1;6146351.0000000000;3;2;24;Activa;9.5933900000;-84.0666700000
ES 4-01-03-02;300956;Heredia;Heredia;San Francisco;9.5960900000;-84.0779900000;0;2;0;4813935.0000000000;4;9;48;Activa;9.5960900000;-84.0779900000
ES 4-01-04-02;301009;Heredia;Heredia;Ulloa;9.5825700000;-84.0810400000;0;2;0;9458839.0000000000;3;4;24;Activa;9.5825700000;-84.0810400000
ES 4-01-05-01;300423;Heredia;Heredia;Varablanca;10.0949100000;-84.0933500000;0;2;1;1827717.0000000000;3;3;24;Activa;10.0949100000;-84.0933500000
ES 4-02-01-01;300397;Heredia;Barva;Barva;10.0101500000;-84.0738500000;0;2;0;11075408.0000000000;3;3;18;Activa;10.0101500000;-84.0738500000
ES 4-03-01-01;300366;Heredia;Santo Domingo;Santo Domingo;9.5873000000;-84.0537500000;0;2;0;;3;1;12;Activa;9.5873000000;-84.0537500000
ES 4-03-06-01;300624;Heredia;Santo Domingo;Santa Rosa;9.5829400000;-84.0535000000;0;2;0;6226101.0000000000;3;3;18;Activa;9.5829400000;-84.0535000000
ES 4-03-06-02;301433;Heredia;Santo Domingo;Santa Rosa;9.5812400000;-84.0636700000;0;2;1;6535175.0000000000;;;;Activa;9.5812400000;-84.0636700000
ES 4-04-01-01;300336;Heredia;Santa Bárbara;Santa Bárbara;10.0213200000;-84.0669100000;0;2;1;4662690.0000000000;3;1;24;Activa;10.0213200000;-84.0669100000
ES 4-04-03-01;300704;Heredia;Santa Bárbara;San Juan;10.0154500000;-84.0934000000;0;2;0;;3;8;44;Activa;10.0154500000;-84.0934000000
ES 4-05-01-01;300303;Heredia;San Rafael;San Rafael;10.0076600000;-84.0619300000;0;2;1;13182976.0000000000;3;3;36;Activa;10.0076600000;-84.0619300000
ES 4-06-01-02;301036;Heredia;San Isidro;San Isidro;10.0045900000;-84.0389200000;0;1;1;10434598.0000000000;3;3;36;Activa;10.0045900000;-84.0389200000
ES 4-06-02-01;300633;Heredia;San Isidro;San Isidro;10.0177600000;-84.0074900000;0;1;0;9190457.0000000000;3;3;24;Activa;10.0177600000;-84.0074900000
ES 4-07-01-02;300315;Heredia;Belén;San Antonio;9.5884600000;-84.1011600000;0;2;1;12435404.0000000000;3;4;36;Activa;9.5884600000;-84.1011600000
ES 4-07-02-01;300666;Heredia;Belén;La Ribera;9.5984600000;-84.1010200000;0;2;0;4508306.0000000000;3;4;40;Activa;9.5984600000;-84.1010200000
ES 4-08-01-01;300338;Heredia;Flores;San Joaquín;10.0014300000;-84.0940700000;0;2;1;4916073.0000000000;3;4;24;Activa;10.0014300000;-84.0940700000
ES 4-09-01-01;300578;Heredia;San Pablo;San Pablo;9.5958100000;-84.0629700000;0;2;1;5720664.0000000000;3;5;24;Activa;9.5958100000;-84.0629700000
ES 4-10-01-01;300311;Heredia;Sarapiquí;Puerto Viejo;10.2979800000;-83.5884700000;1;2;0;;2;2;6;Activa;10.2979800000;-83.5884700000
ES 4-10-01-02;300509;Heredia;Sarapiquí;Puerto Viejo;10.2694800000;-84.0074800000;1;3;1;6944606.0000000000;3;4;24;Activa;10.2694800000;-84.0074800000
ES 4-10-02-01;300339;Heredia;Sarapiquí;La Virgen;10.2446600000;-84.0783200000;1;2;1;3387528.0000000000;3;2;8;Activa;10.2446600000;-84.0783200000
ES 4-10-03-01;300344;Heredia;Sarapiquí;Las Horquetas;10.1925500000;-83.5322400000;1;3;1;2080730.0000000000;3;1;12;Activa;10.1925500000;-83.5322400000
ES 4-10-03-02;300721;Heredia;Sarapiquí;Las Horquetas;10.2363200000;-83.5802500000;1;1;0;;4;2;7;Activa;10.2363200000;-83.5802500000
ES 4-10-03-03;301108;Heredia;Sarapiquí;Las Horquetas;10.2005300000;-83.5700500000;1;1;1;5035403.0000000000;3;4;24;Activa;10.2005300000;-83.5700500000
ES 5-01-01-01;300358;Guanacaste;Liberia;Liberia;10.3756900000;-85.2662000000;1;2;1;8410773.0000000000;3;6;32;Activa;10.3756900000;-85.2662000000
ES 5-01-01-02;300301;Guanacaste;Liberia;Liberia;10.3751200000;-85.2653900000;1;4;1;7424181.0000000000;3;2;30;Activa;10.3751200000;-85.2653900000
ES 5-01-01-04;300639;Guanacaste;Liberia;Liberia;10.3685400000;-85.2609900000;1;4;0;2757448.0000000000;5;5;24;Activa;10.3685400000;-85.2609900000
ES 5-01-01-06;301236;Guanacaste;Liberia;Liberia;10.3748700000;-85.2656300000;1;4;0;6693251.0000000000;3;3;18;Activa;10.3748700000;-85.2656300000
ES 5-01-04-01;300700;Guanacaste;Liberia;Nacascolo;10.3846400000;-85.3911500000;1;4;0;;3;1;5;Activa;10.3846400000;-85.3911500000
ES 5-02-01-01;300312;Guanacaste;Nicoya;Nicoya;10.0926900000;-85.2700700000;1;4;1;7816952.0000000000;3;2;12;Activa;10.0926900000;-85.2700700000
ES 5-02-01-02;300387;Guanacaste;Nicoya;Nicoya;10.0881500000;-85.2714000000;1;4;1;4650807.0000000000;4;3;36;Activa;10.0881500000;-85.2714000000
ES 5-02-01-03;300703;Guanacaste;Nicoya;Nicoya;10.0975000000;-85.2703600000;1;4;1;7538722.0000000000;3;5;26;Activa;10.0975000000;-85.2703600000
ES 5-02-01-04;300880;Guanacaste;Nicoya;Nicoya;9.5780000000;-85.3988300000;1;4;1;3751270.0000000000;3;3;12;Activa;9.5780000000;-85.3988300000
ES 5-02-02-01;300410;Guanacaste;Nicoya;Mansión;10.0674200000;-85.2079200000;1;4;1;3930166.0000000000;3;2;12;Activa;10.0674200000;-85.2079200000
ES 5-02-04-01;300693;Guanacaste;Nicoya;Quebrada Honda;10.1128200000;-85.1769300000;1;4;0;;3;4;24;Activa;10.1128200000;-85.1769300000
ES 5-02-05-01;300299;Guanacaste;Nicoya;Sámara;9.5525400000;-85.3141200000;1;4;1;3766352.0000000000;3;1;12;Activa;9.5525400000;-85.3141200000
ES 5-02-05-02;300327;Guanacaste;Nicoya;Sámara;10.0381200000;-85.2507500000;1;4;1;2172893.0000000000;3;4;20;Activa;10.0381200000;-85.2507500000
ES 5-03-01-02;301167;Guanacaste;Santa Cruz;Santa Cruz;10.1609800000;-85.3527700000;1;4;1;9358660.0000000000;3;3;30;Activa;10.1609800000;-85.3527700000
ES 5-03-01-03;300566;Guanacaste;Santa Cruz;Santa Cruz;10.1612900000;-85.3437500000;1;4;1;6134917.0000000000;3;3;18;Activa;10.1612900000;-85.3437500000
ES 5-04-01-01;300506;Guanacaste;Bagaces;Bagaces;10.3127100000;-85.1529000000;1;4;0;162728.0000000000;3;4;24;Activa;10.3127100000;-85.1529000000
ES 5-04-03-01;300332;Guanacaste;Bagaces;Mogote;10.4262800000;-85.1329100000;1;4;1;4257379.0000000000;3;3;14;Activa;10.4262800000;-85.1329100000
ES 5-05-01-02;300556;Guanacaste;Carrillo;Filadelfia;10.2674100000;-85.3335600000;1;4;0;8508206.0000000000;3;3;12;Activa;10.2674100000;-85.3335600000
ES 5-05-02-01;300659;Guanacaste;Carrillo;Palmira;10.3276800000;-85.3534400000;1;4;0;4019205.0000000000;3;2;24;Activa;10.3276800000;-85.3534400000
ES 5-05-02-02;301208;Guanacaste;Carrillo;Palmira;10.3332900000;-85.3553800000;1;4;1;8059147.0000000000;3;3;36;Activa;10.3332900000;-85.3553800000
ES 5-05-03-01;300519;Guanacaste;Carrillo;Sardinal;10.3137000000;-85.3905400000;1;2;1;5185922.0000000000;3;2;20;Activa;10.3137000000;-85.3905400000
ES 5-05-04-01;300636;Guanacaste;Carrillo;Belén;10.2421000000;-85.3524700000;1;4;1;;3;4;27;Activa;10.2421000000;-85.3524700000
ES 5-06-01-01;300537;Guanacaste;Cañas;Cañas;10.2549700000;-85.0560700000;1;4;0;10429361.0000000000;3;4;24;Activa;10.2549700000;-85.0560700000
ES 5-06-01-02;301020;Guanacaste;Cañas;Cañas;10.2490100000;-85.0519300000;1;4;0;6481456.0000000000;3;4;36;Activa;10.2490100000;-85.0519300000
ES 5-06-01-03;300347;Guanacaste;Cañas;Cañas;10.2550200000;-85.0558700000;1;4;1;6605889.0000000000;4;1;32;Activa;10.2550200000;-85.0558700000
ES 5-07-01-01;300499;Guanacaste;Abangares;Las Juntas;10.1590800000;-85.0126700000;1;4;0;6030353.0000000000;3;4;20;Activa;10.1590800000;-85.0126700000
ES 5-07-01-02;300457;Guanacaste;Abangares;Las Juntas;10.1453300000;-84.5969600000;1;4;0;;3;3;18;Activa;10.1453300000;-84.5969600000
ES 5-07-01-03;300596;Guanacaste;Abangares;Las Juntas;10.1546100000;-85.0086900000;1;4;0;4539129.0000000000;4;3;16;Activa;10.1546100000;-85.0086900000
ES 5-08-01-01;300573;Guanacaste;Tilarán;Tilarán;10.2836200000;-84.5802400000;1;4;1;3054399.0000000000;5;4;24;Activa;10.2836200000;-84.5802400000
ES 5-08-01-02;300616;Guanacaste;Tilarán;Tilarán;10.2967000000;-84.5719600000;1;4;0;;3;1;18;Activa;10.2967000000;-84.5719600000
ES 5-08-01-03;300716;Guanacaste;Tilarán;Tilarán;10.2840800000;-84.5797700000;1;4;0;;4;3;18;Activa;10.2840800000;-84.5797700000
ES 5-08-07-01;300590;Guanacaste;Tilarán;Arenal;10.3270000000;-84.5354500000;1;4;1;1870566.0000000000;3;1;12;Activa;10.3270000000;-84.5354500000
ES 5-09-04-01;300664;Guanacaste;Nandayure;San Pablo;10.0181800000;-85.1458200000;1;4;1;3227698.0000000000;3;2;12;Activa;10.0181800000;-85.1458200000
ES 5-10-01-01;300478;Guanacaste;La Cruz;La Cruz;11.0427400000;-85.3778400000;1;4;1;6999819.0000000000;4;3;12;Activa;11.0427400000;-85.3778400000
ES 5-10-01-02;300655;Guanacaste;La Cruz;La Cruz;11.1186500000;-85.3720300000;1;4;1;756156.0000000000;3;6;16;Activa;11.1186500000;-85.3720300000
ES 5-10-02-01;300477;Guanacaste;La Cruz;Santa Cecilia;11.0368700000;-85.2517200000;1;4;1;890620.0000000000;3;2;6;Activa;11.0368700000;-85.2517200000
ES 6-01-01-01;301435;Puntarenas;Puntarenas;Puntarenas;9.5887400000;-84.4782400000;1;4;0;60615.0000000000;2;1;2;Activa;9.5887400000;-84.4782400000
ES 6-01-01-02;300444;Puntarenas;Puntarenas;Puntarenas;9.5867300000;-84.4975800000;1;4;0;2104080.0000000000;3;2;12;Activa;9.5867300000;-84.4975800000
ES 6-01-01-03;300439;Puntarenas;Puntarenas;Puntarenas;9.5885300000;-84.4877600000;1;4;1;1640970.0000000000;3;2;24;Activa;9.5885300000;-84.4877600000
ES 6-01-01-06;300375;Puntarenas;Puntarenas;Puntarenas;9.5870100000;-84.4947600000;1;4;1;3794121.0000000000;3;4;20;Activa;9.5870100000;-84.4947600000
ES 6-01-03-01;300298;Puntarenas;Puntarenas;Chomes;10.0665200000;-84.5337700000;1;4;1;6711356.0000000000;3;5;30;Activa;10.0665200000;-84.5337700000
ES 6-01-04-01;300372;Puntarenas;Puntarenas;Lepanto;9.5761800000;-85.0692000000;1;4;0;4358149.0000000000;3;2;18;Activa;9.5761800000;-85.0692000000
ES 6-01-05-01;300300;Puntarenas;Puntarenas;Paquera;9.4928100000;-84.5591600000;1;4;1;388505.0000000000;3;2;12;Activa;9.4928100000;-84.5591600000
ES 6-01-08-01;300602;Puntarenas;Puntarenas;4;9.5952800000;-84.4324100000;1;4;0;1104309.0000000000;3;5;26;Activa;9.5952800000;-84.4324100000
ES 6-01-09-01;300963;Puntarenas;Puntarenas;Monteverde;10.1867300000;-84.4878900000;1;4;0;1719115.0000000000;3;1;6;Activa;10.1867300000;-84.4878900000
ES 6-01-09-02;301060;Puntarenas;Puntarenas;Monteverde;10.1829200000;-84.4992700000;1;4;1;2438267.0000000000;3;3;18;Activa;10.1829200000;-84.4992700000
ES 6-01-11-01;300313;Puntarenas;Puntarenas;Cóbano;9.4163800000;-85.0574900000;1;4;1;3588329.0000000000;3;4;24;Activa;9.4163800000;-85.0574900000
ES 6-01-11-02;301050;Puntarenas;Puntarenas;Cóbano;9.3828900000;-85.0823300000;1;4;1;1792811.0000000000;3;2;12;Activa;9.3828900000;-85.0823300000
ES 6-01-11-03;300917;Puntarenas;Puntarenas;Cóbano;9.4158900000;-85.0600700000;1;4;1;3690150.0000000000;3;7;38;Activa;9.4158900000;-85.0600700000
ES 6-01-14-01;300665;Puntarenas;Puntarenas;Acapulco;10.0570000000;-84.4921900000;1;4;1;5857211.0000000000;3;6;30;Activa;10.0570000000;-84.4921900000
ES 6-01-15-01;300577;Puntarenas;Puntarenas;El Roble;9.5920400000;-84.4423100000;1;4;0;8570953.0000000000;3;7;40;Activa;9.5920400000;-84.4423100000
ES 6-02-01-01;300512;Puntarenas;Esparza;Espíritu Santo;9.5969300000;-84.3993200000;1;4;0;;3;4;24;Activa;9.5969300000;-84.3993200000
ES 6-02-01-02;301007;Puntarenas;Esparza;Espíritu Santo;9.5978300000;-84.4040000000;1;4;0;5987197.0000000000;3;5;20;Activa;9.5978300000;-84.4040000000
ES 6-03-01-01;300406;Puntarenas;Buenos Aires;Buenos Aires;9.0577700000;-83.1649100000;1;1;0;1915186.0000000000;3;3;18;Activa;9.0577700000;-83.1649100000
ES 6-03-01-02;300635;Puntarenas;Buenos Aires;Buenos Aires;9.0874700000;-83.1990300000;1;1;0;3033034.0000000000;3;3;24;Activa;9.0874700000;-83.1990300000
ES 6-03-01-03;300330;Puntarenas;Buenos Aires;Buenos Aires;9.0871100000;-83.1982800000;1;1;0;4548173.0000000000;4;2;8;Activa;9.0871100000;-83.1982800000
ES 6-04-01-01;300607;Puntarenas;Montes de Oro;Miramar;10.0211800000;-84.4460500000;1;4;0;3799309.0000000000;3;3;18;Activa;10.0211800000;-84.4460500000
ES 6-04-01-02;300676;Puntarenas;Montes de Oro;Miramar;10.0516100000;-84.4383900000;1;4;0;3618739.0000000000;3;4;24;Activa;10.0516100000;-84.4383900000
ES 6-05-01-01;300514;Puntarenas;Osa;Puerto Cortés;8.5800000000;-83.3129900000;1;1;0;1953666.0000000000;3;2;12;Activa;8.5800000000;-83.3129900000
ES 6-05-02-01;300458;Puntarenas;Osa;Palmar;8.5590300000;-83.2668500000;1;4;0;1767411.0000000000;3;4;24;Activa;8.5590300000;-83.2668500000
ES 6-05-02-02;300598;Puntarenas;Osa;Palmar;8.4793700000;-83.1521400000;1;4;0;3131705.0000000000;3;2;24;Activa;8.4793700000;-83.1521400000
ES 6-05-02-03;300597;Puntarenas;Osa;Palmar;8.5792400000;-83.2790200000;1;1;0;2228776.0000000000;3;6;36;Activa;8.5792400000;-83.2790200000
ES 6-05-02-04;300373;Puntarenas;Osa;Palmar;8.5778700000;-83.2756900000;1;1;0;3389034.0000000000;3;3;18;Activa;8.5778700000;-83.2756900000
ES 6-05-04-01;300544;Puntarenas;Osa;Bahía Ballena;9.1038400000;-83.4455800000;1;1;0;4580930.0000000000;3;3;18;Activa;9.1038400000;-83.4455800000
ES 6-06-01-02;300310;Puntarenas;Aguirre;Quepos;9.2785300000;-84.1110500000;1;4;1;10313567.0000000000;3;4;36;Activa;9.2785300000;-84.1110500000
ES 6-06-01-03;301089;Puntarenas;Aguirre;Quepos;9.2670800000;-84.0825300000;1;4;0;;3;3;24;Activa;9.2670800000;-84.0825300000
ES 6-06-01-04;301071;Puntarenas;Aguirre;Quepos;9.2550700000;-84.1007500000;1;4;0;2698445.0000000000;4;1;6;Activa;9.2550700000;-84.1007500000
ES 6-06-02-01;300343;Puntarenas;Aguirre;Savegre;9.1631300000;-83.5284600000;1;1;0;3528488.0000000000;3;4;24;Activa;9.1631300000;-83.5284600000
ES 6-07-01-01;300686;Puntarenas;Golfito;Golfito;8.3763800000;-83.0937800000;1;4;0;3651823.0000000000;3;4;24;Activa;8.3763800000;-83.0937800000
ES 6-07-01-02;300557;Puntarenas;Golfito;Golfito;8.3739500000;-83.0914300000;1;1;0;254477.0000000000;1;1;1;Activa;8.3739500000;-83.0914300000
ES 6-07-02-01;300620;Puntarenas;Golfito;Puerto Jiménez;8.3202200000;-83.1832500000;1;1;0;3263750.0000000000;3;3;32;Activa;8.3202200000;-83.1832500000
ES 6-07-03-01;300389;Puntarenas;Golfito;Guaycara;8.4064300000;-83.0399500000;1;1;0;4636189.0000000000;3;2;20;Activa;8.4064300000;-83.0399500000
ES 6-08-01-01;300342;Puntarenas;Coto Brus;San Vito;8.4916600000;-82.5839000000;1;1;0;5408598.0000000000;3;4;24;Activa;8.4916600000;-82.5839000000
ES 6-08-01-02;300446;Puntarenas;Coto Brus;San Vito;8.4928000000;-82.5813500000;1;1;0;787941.0000000000;3;4;8;Activa;8.4928000000;-82.5813500000
ES 6-09-01-01;300386;Puntarenas;Parrita;Parrita;9.3123200000;-84.1966000000;1;4;0;;3;2;36;Activa;9.3123200000;-84.1966000000
ES 6-09-01-03;300559;Puntarenas;Parrita;Parrita;9.3205100000;-84.2932100000;1;4;0;2852820.0000000000;3;6;31;Activa;9.3205100000;-84.2932100000
ES 6-10-01-01;300560;Puntarenas;Corredores;Corredor;8.3868700000;-82.5668100000;1;1;0;7345421.0000000000;3;2;7;Activa;8.3868700000;-82.5668100000
ES 6-10-01-02;300424;Puntarenas;Corredores;Corredor;8.3802500000;-82.5633100000;1;4;0;3074411.0000000000;3;2;20;Activa;8.3802500000;-82.5633100000
ES 6-10-04-01;300420;Puntarenas;Corredores;Laurel;8.2670600000;-82.5478200000;1;4;0;1421521.0000000000;3;2;12;Activa;8.2670600000;-82.5478200000
ES 6-11-01-01;300488;Puntarenas;Garabito;Jacó;9.3902400000;-84.3997500000;1;4;0;6836740.0000000000;4;4;5;Activa;9.3902400000;-84.3997500000
ES 6-11-01-02;300307;Puntarenas;Garabito;Jacó;9.3600600000;-84.3701200000;1;4;0;;3;2;24;Activa;9.3600600000;-84.3701200000
ES 6-11-01-03;301153;Puntarenas;Garabito;Jacó;9.3962400000;-84.3816700000;1;4;0;4644569.0000000000;3;3;18;Activa;9.3962400000;-84.3816700000
ES 7-01-01-01;300718;Limón;Limón;Limón;9.5975800000;-83.0172500000;1;3;1;5861071.0000000000;3;2;24;Activa;9.5975800000;-83.0172500000
ES 7-01-01-02;300529;Limón;Limón;Limón;9.5945400000;-83.0192100000;1;3;0;3491194.0000000000;3;3;18;Activa;9.5945400000;-83.0192100000
ES 7-01-01-03;300355;Limón;Limón;Limón;9.5899400000;-83.0442300000;1;3;0;;4;5;32;Activa;9.5899400000;-83.0442300000
ES 7-01-01-04;300522;Limón;Limón;Limón;9.5936000000;-83.0200300000;1;3;0;;3;5;30;Activa;9.5936000000;-83.0200300000
ES 7-01-01-05;300550;Limón;Limón;Limón;9.5915200000;-83.0293800000;1;3;1;6215521.0000000000;3;6;32;Activa;9.5915200000;-83.0293800000
ES 7-01-02-01;300408;Limón;Limón;Valle de La Estrella;9.4650100000;-82.5452400000;1;3;0;5160675.0000000000;3;3;24;Activa;9.4650100000;-82.5452400000
ES 7-01-03-01;300445;Limón;Limón;Río Blanco;9.5925000000;-83.0573900000;1;3;0;8553116.0000000000;3;4;14;Activa;9.5925000000;-83.0573900000
ES 7-02-01-01;300505;Limón;Pococí;Guápiles;10.1250900000;-83.5407500000;1;3;1;7275142.0000000000;3;6;32;Activa;10.1250900000;-83.5407500000
ES 7-02-01-02;300437;Limón;Pococí;Guápiles;10.1277900000;-83.5035200000;1;3;1;7731219.0000000000;3;3;32;Activa;10.1277900000;-83.5035200000
ES 7-02-01-03;300618;Limón;Pococí;Guápiles;10.1284500000;-83.4741200000;1;3;1;6561672.0000000000;3;4;24;Activa;10.1284500000;-83.4741200000
ES 7-02-01-04;300535;Limón;Pococí;Guápiles;10.1216500000;-83.4737800000;1;3;0;4398500.0000000000;3;3;24;Activa;10.1216500000;-83.4737800000
ES 7-02-01-05;300407;Limón;Pococí;Guápiles;10.1218900000;-83.4691300000;1;3;1;5765752.0000000000;5;3;36;Activa;10.1218900000;-83.4691300000
ES 7-02-03-01;301262;Limón;Pococí;Rita;10.1625300000;-83.4644600000;1;3;0;5972219.0000000000;3;4;24;Activa;10.1625300000;-83.4644600000
ES 7-02-03-02;300524;Limón;Pococí;Rita;10.2732500000;-83.4225200000;1;3;1;213125.0000000000;3;2;6;Activa;10.2732500000;-83.4225200000
ES 7-02-03-03;301263;Limón;Pococí;Rita;10.2387200000;-83.4978600000;1;3;1;2844865.0000000000;2;1;4;Activa;10.2387200000;-83.4978600000
ES 7-02-05-01;300346;Limón;Pococí;Cariari;10.2147700000;-83.4409900000;1;3;0;;3;2;24;Activa;10.2147700000;-83.4409900000
ES 7-02-05-02;300647;Limón;Pococí;Cariari;10.2102700000;-83.4482900000;1;3;0;3516803.0000000000;3;2;24;Activa;10.2102700000;-83.4482900000
ES 7-03-01-01;300482;Limón;Siquirres;Siquirres;10.0591900000;-83.3034000000;1;3;0;4646472.0000000000;3;4;24;Activa;10.0591900000;-83.3034000000
ES 7-03-01-02;300354;Limón;Siquirres;Siquirres;10.0549900000;-83.3025400000;1;3;0;;3;6;36;Activa;10.0549900000;-83.3025400000
ES 7-03-01-03;300558;Limón;Siquirres;Siquirres;10.1722500000;-83.2149000000;1;3;0;677684.0000000000;2;1;2;Activa;10.1722500000;-83.2149000000
ES 7-04-02-01;300541;Limón;Talamanca;Sixaola;9.3590800000;-82.4466300000;1;3;0;881802.0000000000;2;1;8;Activa;9.3590800000;-82.4466300000
ES 7-04-03-01;300895;Limón;Talamanca;Cahuita;9.4425260000;-82.5132910000;1;3;0;9395605.0000000000;3;6;32;Activa;9.4425260000;-82.5132910000
ES 7-05-01-01;300662;Limón;Matina;Matina;10.0254900000;-83.1647900000;1;3;0;7743842.0000000000;3;2;20;Activa;10.0254900000;-83.1647900000
ES 7-05-02-01;300712;Limón;Matina;Batán;10.0444400000;-83.2045300000;1;3;0;;3;4;24;Activa;10.0444400000;-83.2045300000
ES 7-06-01-01;300640;Limón;Guácimo;Guácimo;10.1248100000;-83.4124100000;1;1;0;6328582.0000000000;3;3;14;Activa;10.1248100000;-83.4124100000
ES 7-06-01-02;300644;Limón;Guácimo;Guácimo;10.1268800000;-83.4064300000;1;3;0;858844.0000000000;3;4;24;Activa;10.1268800000;-83.4064300000
ES 7-06-03-01;300543;Limón;Guácimo;Pocora;10.1003400000;-83.3631800000;1;3;0;;3;6;32;Activa;10.1003400000;-83.3631800000
ES 7-06-04-01;300467;Limón;Guácimo;Río Jiménez;10.0616300000;-84.2798900000;1;3;1;2353375.0000000000;3;4;20;Activa;10.0616300000;-84.2798900000
